,City,Country,Lat,Lng,Max Temp,Humidity,Cloudiness,Wind Speed,Current Description
0,Kabinda,CD,-6.1333,24.4833,67.89,84,43,3.29,scattered clouds
1,Sassandra,CI,4.95,-6.0833,79.2,89,42,4.83,scattered clouds
2,Navalmoral De La Mata,ES,39.8916,-5.5406,56.26,54,0,1.41,clear sky
3,Kachiry,KZ,53.0675,76.1036,34.23,97,100,14.61,overcast clouds
4,Kruisfontein,ZA,-34.0033,24.7314,60.01,94,100,4.0,light rain
5,Nouakchott,MR,18.0858,-15.9785,75.2,57,7,18.41,clear sky
6,Cape Town,ZA,-33.9258,18.4232,62.6,77,20,18.41,few clouds
7,Batsfjord,NO,70.6345,29.7185,33.8,93,75,5.75,broken clouds
8,Vao,NC,-22.6667,167.4833,76.21,66,94,20.2,overcast clouds
9,Ipubi,BR,-7.6519,-40.1489,79.21,52,82,3.2,broken clouds
10,Qaanaaq,GL,77.484,-69.3632,3.92,63,100,4.27,overcast clouds
11,Sobolevo,RU,54.4299,31.8996,37.0,69,13,14.36,few clouds
12,Muzaffargarh,PK,30.0754,71.1921,75.2,53,75,6.91,smoke
13,Podyuga,RU,61.095,40.8647,35.4,90,100,10.63,overcast clouds
14,Lethem,GY,3.3803,-59.7968,84.7,64,98,4.43,overcast clouds
15,Bonthe,SL,7.5264,-12.505,80.44,83,1,6.4,clear sky
16,Jaciara,BR,-15.9653,-54.9683,84.11,64,89,1.25,moderate rain
17,Praya,CV,14.9215,-23.5087,75.2,60,0,21.85,clear sky
18,Ardakan,IR,32.31,54.0175,59.0,13,0,6.91,clear sky
19,Luyang,CN,27.6239,110.0989,51.4,96,100,1.57,overcast clouds
20,Nsawam,GH,5.8089,-0.3503,84.2,84,20,11.5,few clouds
21,Evensk,RU,61.95,159.2333,8.49,67,98,10.83,overcast clouds
22,Veraval,IN,20.9,70.3667,77.95,76,0,11.14,clear sky
23,Dikson,RU,73.5069,80.5464,-4.38,100,92,2.86,overcast clouds
24,Oussouye,SN,12.485,-16.5469,82.4,65,0,6.91,clear sky
25,Khasan,RU,42.4308,130.6434,39.45,81,99,1.5,overcast clouds
26,Rio Gallegos,AR,-51.6226,-69.2181,50.0,37,0,16.11,clear sky
27,Potiskum,NG,11.7091,11.0694,83.07,13,5,9.06,clear sky
28,Stornoway,GB,58.2093,-6.3865,34.0,64,40,20.71,scattered clouds
29,Pangnirtung,CA,66.1451,-65.7125,15.8,73,90,6.91,overcast clouds
30,Ilesha,NG,7.1371,5.2583,76.12,89,68,5.41,broken clouds
31,Ulundi,ZA,-28.3352,31.4162,61.21,95,18,2.28,few clouds
32,Hirara,JP,24.8,125.2833,69.21,65,2,17.92,clear sky
33,Neryungri,RU,56.6709,124.6491,-3.42,91,83,10.56,broken clouds
34,Thoen,TH,17.6129,99.2161,75.99,97,87,2.48,overcast clouds
35,Isparta,TR,38.0,31.0,48.2,71,75,6.91,broken clouds
36,Pozo Colorado,PY,-23.4923,-58.7972,90.32,33,100,5.19,overcast clouds
37,Qorveh,IR,35.1664,47.8045,44.56,46,0,6.08,clear sky
38,Lata,PT,40.1629,-8.3327,60.01,82,0,3.44,clear sky
39,Adre,TD,13.4667,22.2,80.8,11,0,10.27,clear sky
40,Tarancon,ES,40.0085,-3.0073,59.0,49,0,11.01,clear sky
41,Turbat,PK,26.0023,63.044,79.12,58,6,3.02,clear sky
42,Arraial Do Cabo,BR,-22.9661,-42.0278,78.8,61,75,5.75,broken clouds
43,Baruun-Urt,MN,46.6806,113.2792,33.8,44,82,6.02,broken clouds
44,Ibra,OM,22.6906,58.5334,76.71,44,8,2.28,clear sky
45,Gayeri,BF,12.6497,0.4931,88.16,8,7,0.58,clear sky
46,Beringovskiy,RU,63.05,179.3167,8.22,93,100,17.36,light snow
47,Tasiilaq,GL,65.6145,-37.6368,19.4,79,20,14.97,light rain
48,Baffa,PK,34.4378,73.2194,56.61,79,43,6.85,scattered clouds
49,Yabelo,ET,4.8833,38.0833,61.5,83,86,4.88,overcast clouds
50,Behshahr,IR,36.6923,53.5526,63.64,32,0,6.51,clear sky
51,Rocha,UY,-34.4833,-54.3333,70.74,82,86,9.86,overcast clouds
52,Anzio,IT,41.4853,12.6179,50.0,82,0,2.55,clear sky
53,Kutum,SD,14.2,24.6667,74.44,9,0,11.12,clear sky
54,Roma,US,43.2128,-75.4557,57.2,35,1,13.8,clear sky
55,Georgetown,MY,5.4112,100.3354,82.4,83,20,3.38,few clouds
56,Manakara,MG,-22.1333,48.0167,73.29,89,1,3.4,clear sky
57,Noshiro,JP,40.2039,140.0242,38.37,75,84,6.91,broken clouds
58,Cherskiy,RU,68.75,161.3,-16.65,98,95,1.23,overcast clouds
59,Road Town,VG,18.4167,-64.6167,82.4,65,20,5.75,few clouds
60,Burgos,ES,42.3394,-3.7079,46.4,61,0,8.05,clear sky
61,Saint-Pierre,RE,-21.3393,55.4781,77.0,73,0,5.75,clear sky
62,Ambulu,ID,-8.345,113.6058,75.02,88,100,3.62,moderate rain
63,Olafsvik,IS,64.8945,-23.7142,28.9,92,96,10.83,light snow
64,Tilichiki,RU,60.4667,166.1,-2.4,91,58,10.13,broken clouds
65,Kathu,TH,7.9178,98.3332,87.01,94,40,1.14,scattered clouds
66,Rajula,IN,21.05,71.4333,81.54,36,0,8.01,clear sky
67,Armilla,ES,37.141,-3.6185,60.01,88,40,0.43,scattered clouds
68,Huangnihe,CN,43.5583,128.0239,39.52,48,98,5.77,overcast clouds
69,Thurso,GB,58.5927,-3.5259,32.0,86,20,27.63,light snow
70,Ancud,CL,-41.8697,-73.8203,64.0,63,90,12.66,overcast clouds
71,Murgab,TM,37.4966,61.9714,55.4,47,0,6.91,clear sky
72,Bujaru,BR,-1.515,-48.0447,82.4,74,0,4.61,clear sky
73,Parakai,NZ,-36.65,174.4333,66.0,93,94,5.99,overcast clouds
74,Senneterre,CA,48.3835,-77.2328,50.0,34,20,9.22,few clouds
75,Gap,FR,44.6667,6.0,46.99,57,2,7.0,clear sky
76,Bennington,US,42.8781,-73.1968,59.0,23,1,11.5,clear sky
77,Karwar,IN,14.8,74.1333,77.11,88,15,9.19,few clouds
78,Kiunga,PG,-6.1219,141.2906,73.22,99,97,1.34,overcast clouds
79,Galesong,ID,-5.3166,119.3661,75.2,100,20,3.44,light rain
80,Tazovskiy,RU,67.4667,78.7,31.87,99,100,5.03,light snow
81,Ilulissat,GL,69.2167,-51.1,15.8,86,75,3.44,light snow
82,Gagarin,RU,55.5529,34.9954,33.85,77,31,13.82,scattered clouds
83,Norrtalje,SE,59.758,18.705,39.0,89,100,11.01,overcast clouds
84,Keuruu,FI,62.2667,24.7,30.2,86,90,9.22,overcast clouds
85,Kibala,TD,9.1104,18.3463,86.0,32,0,4.74,clear sky
86,Katobu,ID,-4.9408,122.5276,76.19,90,100,3.47,overcast clouds
87,Virginia Beach,US,36.8529,-75.978,71.6,20,1,13.8,clear sky
88,Yerbogachen,RU,61.2767,108.0108,8.02,97,97,3.69,overcast clouds
89,Perth,AU,-31.9333,115.8333,62.01,100,20,5.75,few clouds
90,Hofn,IS,64.2539,-15.2082,19.9,54,50,14.63,scattered clouds
91,Hobart,AU,-42.8794,147.3294,48.99,93,20,5.75,few clouds
92,Remedios,CU,22.4947,-79.5458,78.8,50,75,18.41,broken clouds
93,Anadyr,RU,64.75,177.4833,-5.01,71,0,6.71,clear sky
94,Nizhniy Tsasuchey,RU,50.5167,115.1333,25.23,66,5,7.4,clear sky
95,Puteyets,RU,65.1716,57.091,21.78,94,58,4.85,broken clouds
96,Muroto,JP,33.2833,134.15,54.19,65,70,11.56,broken clouds
97,Walvis Bay,NA,-22.9575,14.5053,62.6,77,4,5.75,clear sky
98,Unai,BR,-16.3575,-46.9061,72.63,90,93,4.83,overcast clouds
99,Poya,NC,-21.35,165.15,76.84,66,85,7.47,overcast clouds
100,The Valley,AI,18.217,-63.0578,84.2,65,20,10.36,few clouds
101,Morondava,MG,-20.2833,44.2833,73.99,77,0,9.35,clear sky
102,Bredasdorp,ZA,-34.5322,20.0403,59.0,94,100,5.75,overcast clouds
103,Qaqortoq,GL,60.7167,-46.0333,42.8,70,75,2.3,broken clouds
104,Clyde River,CA,70.4692,-68.5914,-0.4,78,75,12.66,broken clouds
105,Khatanga,RU,71.9667,102.5,6.17,88,100,6.08,overcast clouds
106,Porto Santo,PT,33.072,-16.3415,62.6,59,20,3.44,few clouds
107,Katherine,AU,-14.4667,132.2667,66.2,82,7,3.44,clear sky
108,Padang,ID,-0.9492,100.3543,75.2,94,40,1.14,scattered clouds
109,Taoudenni,ML,22.6783,-3.9836,84.61,6,0,8.61,clear sky
110,Umm Lajj,SA,25.0213,37.2685,77.36,45,0,5.91,clear sky
111,Vostok,RU,46.4856,135.8833,29.16,71,98,6.06,overcast clouds
112,Itarema,BR,-2.9248,-39.9167,80.22,81,36,14.25,scattered clouds
113,Husavik,IS,66.0449,-17.3389,21.2,58,40,4.61,scattered clouds
114,Kholodnyy,RU,62.7167,147.95,5.11,93,100,3.65,light snow
115,Crixas,BR,-14.5489,-49.9692,79.95,76,72,2.15,broken clouds
116,Odweyne,SO,9.4092,45.064,77.88,17,48,12.59,scattered clouds
117,Anloga,GH,5.7947,0.8973,84.2,84,20,11.5,few clouds
118,Vila Do Maio,CV,15.1333,-23.2167,75.2,60,0,21.85,clear sky
119,Kuytun,RU,54.3419,101.5036,24.76,96,98,5.23,overcast clouds
120,Paamiut,GL,61.994,-49.6678,34.65,90,100,7.11,overcast clouds
121,Birao,CF,10.2849,22.7882,82.67,14,0,5.99,clear sky
122,Lagoa,PT,39.05,-27.9833,59.9,80,53,16.28,broken clouds
123,Barra Do Garcas,BR,-15.89,-52.2567,89.6,58,75,2.3,broken clouds
124,Khandyga,RU,62.6667,135.6,-28.68,100,87,1.77,overcast clouds
125,Mayumba,GA,-3.432,10.6554,79.93,88,97,7.38,moderate rain
126,Linxia,CN,35.6003,103.2064,42.78,62,1,4.16,clear sky
127,Puerto Maldonado,PE,-12.6,-69.1833,82.4,78,20,5.75,few clouds
128,Esperance,AU,-33.8667,121.9,71.6,53,46,12.66,scattered clouds
129,Lusambo,CD,-4.9667,23.45,71.1,95,58,0.92,broken clouds
130,Tuy Hoa,VN,13.0833,109.3,73.74,91,100,3.96,overcast clouds
131,Lourdes,FR,43.1,-0.05,50.0,71,0,10.36,clear sky
132,Luanda,AO,-8.8368,13.2343,75.2,94,75,2.3,heavy intensity rain
133,Cidreira,BR,-30.1811,-50.2056,73.51,77,71,15.37,broken clouds
134,Namatanai,PG,-3.6667,152.4333,79.36,82,99,1.41,overcast clouds
135,Boden,SE,65.8252,21.6886,28.4,93,20,1.14,few clouds
136,Balatonboglar,HU,46.7752,17.6441,51.8,50,0,6.91,clear sky
137,Zhaotong,CN,27.3167,103.7167,52.47,75,100,1.52,light rain
138,Richards Bay,ZA,-28.783,32.0377,66.74,87,14,4.45,few clouds
139,Dera Ghazi Khan,PK,30.0561,70.6348,77.41,33,97,3.22,overcast clouds
140,Gigmoto,PH,13.7796,124.39,77.94,85,64,10.11,broken clouds
141,Sangar,RU,63.9242,127.4739,-11.92,99,100,0.83,overcast clouds
142,Rovaniemi,FI,66.5,25.7167,30.2,100,90,13.8,light snow
143,Dudinka,RU,69.4058,86.1778,28.27,97,100,9.15,light snow
144,Labuan,MY,5.2767,115.2417,75.2,100,20,4.38,few clouds
145,Polovinnoye,RU,54.7914,65.9864,29.48,86,8,15.52,clear sky
146,Lorengau,PG,-2.0226,147.2712,79.77,81,99,2.04,overcast clouds
147,Shepsi,RU,44.0361,39.1489,45.64,81,100,12.06,overcast clouds
148,Poso,ID,-1.3959,120.7524,78.01,84,98,3.62,overcast clouds
149,Krasnoufimsk,RU,56.6059,57.7669,31.5,92,100,8.5,overcast clouds
150,Cockburn Town,TC,21.4612,-71.1419,77.0,53,40,13.8,scattered clouds
151,Korla,CN,41.7597,86.1469,52.32,22,76,9.31,broken clouds
152,Mtsensk,RU,53.2766,36.5733,34.72,80,19,7.29,few clouds
153,Chapais,CA,49.7834,-74.8492,41.0,30,1,14.97,clear sky
154,Arroyo,ES,41.6096,-4.7969,55.0,53,0,5.75,clear sky
155,Nohar,IN,29.1833,74.7667,77.97,25,100,11.05,overcast clouds
156,Omboue,GA,-1.5746,9.2618,79.5,85,100,5.12,light rain
157,Sibolga,ID,1.7427,98.7792,76.33,87,100,3.09,overcast clouds
158,Keetmanshoop,NA,-26.5833,18.1333,78.8,24,65,5.75,broken clouds
159,Toropets,RU,56.4978,31.6353,39.54,65,84,13.8,broken clouds
160,Novorozhdestvenskaya,RU,45.8619,39.9542,40.12,96,100,18.75,light rain
161,Jedrzejow,PL,50.6394,20.3045,37.0,90,100,8.99,light snow
162,Mareeba,AU,-17.0,145.4333,73.99,94,81,1.52,broken clouds
163,Preobrazheniye,RU,42.9019,133.9064,36.84,58,94,7.45,overcast clouds
164,Caravelas,BR,-17.7125,-39.2481,75.45,82,89,7.07,overcast clouds
165,Biak,ID,-0.9131,122.8766,77.61,79,100,2.35,overcast clouds
166,Torbay,CA,47.6666,-52.7314,39.99,100,90,10.36,fog
167,Port Hedland,AU,-20.3167,118.5667,69.8,68,4,5.75,clear sky
168,Nikolsk,RU,53.7189,46.0712,31.37,92,8,5.44,clear sky
169,Laguna,US,38.421,-121.4238,69.01,48,40,4.61,scattered clouds
170,Mangrol,IN,21.1167,70.1167,78.15,76,0,10.02,clear sky
171,Vucje,RS,42.8653,21.9114,43.0,65,0,5.75,clear sky
172,Bambous Virieux,MU,-20.3428,57.7575,80.01,78,40,9.22,scattered clouds
173,Gao,ML,16.6362,1.637,86.04,5,3,8.97,clear sky
174,Luganville,VU,-15.5333,167.1667,80.15,82,87,12.08,overcast clouds
175,Oranjemund,NA,-28.55,16.4333,61.05,91,88,16.33,overcast clouds
176,Saint-Augustin,CA,51.226,-58.6502,37.17,99,100,18.99,overcast clouds
177,Puerto Ayacucho,VE,5.6639,-67.6236,82.04,74,98,4.54,light rain
178,Siena,IT,43.2167,11.4,46.99,55,79,4.45,broken clouds
179,Byron Bay,AU,-28.65,153.6167,68.0,94,90,13.8,light rain
180,Sola,VU,-13.8833,167.55,81.73,72,27,13.98,scattered clouds
181,Saquena,PE,-4.6667,-73.5167,73.92,97,100,0.22,overcast clouds
182,Salinopolis,BR,-0.6136,-47.3561,80.62,84,97,12.08,overcast clouds
183,Shakiso,ET,5.75,38.9167,58.33,98,85,2.37,moderate rain
184,Viedma,AR,-40.8135,-62.9967,81.66,41,100,5.95,overcast clouds
185,Lagos,NG,6.5833,3.75,84.2,84,20,9.22,few clouds
186,Dekar,BW,-21.5333,21.9333,74.16,34,3,3.74,clear sky
187,Ahipara,NZ,-35.1667,173.1667,67.08,72,100,5.75,overcast clouds
188,Senanga,ZM,-16.1167,23.2667,67.98,55,100,4.59,overcast clouds
189,Negrar,IT,45.5288,10.938,55.4,44,75,3.44,broken clouds
190,Nouadhibou,MR,20.931,-17.0347,68.0,73,8,14.97,clear sky
191,Doha,QA,25.2867,51.5333,69.8,46,0,6.91,clear sky
192,Scarborough,GB,54.2797,-0.4044,35.01,74,56,1.99,broken clouds
193,Souillac,MU,-20.5167,57.5167,78.8,78,40,9.22,scattered clouds
194,Svetlogorsk,BY,52.6333,29.7333,39.36,62,54,13.89,broken clouds
195,Kavaratti,IN,10.5669,72.642,82.71,73,16,16.6,few clouds
196,Lebu,CL,-37.6167,-73.65,60.62,73,100,17.69,overcast clouds
197,Maniitsoq,GL,65.4167,-52.9,27.57,96,100,3.87,snow
198,Gat,IL,31.61,34.7642,69.01,49,0,8.05,clear sky
199,Faya,SA,18.3851,42.4509,66.2,48,14,4.09,few clouds
200,Jaque,PA,7.5175,-78.1703,81.95,80,79,4.88,moderate rain
201,Ampanihy,MG,-24.7,44.75,66.81,88,0,4.9,clear sky
202,Nantucket,US,41.2835,-70.0995,48.2,61,40,16.11,light rain
203,Zhangye,CN,38.9342,100.4517,42.22,72,29,3.91,scattered clouds
204,Jian,CN,27.1172,114.9793,55.4,92,99,4.0,overcast clouds
205,Itacarambi,BR,-15.1022,-44.0919,82.36,50,96,7.83,overcast clouds
206,Banda Aceh,ID,5.5577,95.3222,79.09,83,93,6.93,overcast clouds
207,Altay,CN,47.8667,88.1167,39.18,35,8,7.16,clear sky
208,Serebryansk,KZ,49.6925,83.2892,44.6,70,90,6.71,overcast clouds
209,Killybegs,IE,54.6333,-8.45,39.2,60,0,11.5,clear sky
210,Salalah,OM,17.0151,54.0924,78.8,94,0,3.44,clear sky
211,Ust-Barguzin,RU,53.45,108.9833,18.27,95,80,2.08,broken clouds
212,Uglovskoye,RU,51.3557,80.1942,36.79,90,37,10.42,scattered clouds
213,Kapit,MY,2.0167,112.9333,72.0,99,97,1.83,light rain
214,Asau,RO,46.4333,26.4,41.0,65,0,9.22,light rain
215,San Lawrenz,MT,36.0553,14.204,55.4,82,20,6.91,few clouds
216,Quillota,CL,-32.8833,-71.2667,66.2,63,40,13.8,scattered clouds
217,Megion,RU,61.0296,76.1136,39.2,56,0,8.95,snow
218,Buraydah,SA,26.326,43.975,68.0,22,0,5.75,clear sky
219,Jamestown,US,42.097,-79.2353,57.2,28,75,3.44,broken clouds
220,Hvide Sande,DK,56.0045,8.1294,39.0,75,55,8.99,broken clouds
221,Marsa Matruh,EG,31.3525,27.2453,64.4,59,0,11.5,clear sky
222,Erzin,TR,36.9559,36.2,57.0,83,99,3.0,overcast clouds
223,Mehamn,NO,71.0357,27.8492,35.6,87,75,18.41,light snow
224,Narsaq,GL,60.9167,-46.05,42.8,70,75,2.3,broken clouds
225,Ostrovnoy,RU,68.0531,39.5131,34.93,88,100,24.0,overcast clouds
226,Naze,JP,28.3667,129.4833,59.23,70,18,8.84,few clouds
227,Mananjary,MG,-21.2167,48.3333,75.02,89,11,4.65,few clouds
228,La Rioja,ES,42.25,-2.5,53.6,58,0,5.75,clear sky
229,Bulaevo,KZ,54.9056,70.4439,31.23,88,85,18.7,overcast clouds
230,Mezen,RU,65.8522,44.24,35.85,91,100,11.23,overcast clouds
231,Lakes Entrance,AU,-37.8811,147.981,57.99,88,98,2.35,overcast clouds
232,Leua,SK,48.2156,18.6071,53.01,49,100,1.99,light rain
233,Severo-Kurilsk,RU,50.6789,156.125,28.49,85,100,13.6,overcast clouds
234,Zastron,ZA,-30.3023,27.084,59.67,40,11,1.34,few clouds
235,Surt,LY,31.2089,16.5887,63.9,85,67,27.22,broken clouds
236,Carutapera,BR,-1.195,-46.02,79.43,87,97,9.28,overcast clouds
237,Bam,IR,29.106,58.357,64.99,12,0,10.38,clear sky
238,Pando,UY,-34.7167,-55.95,80.6,65,75,8.05,broken clouds
239,Mildura,AU,-34.2,142.15,50.0,71,0,4.61,clear sky
240,Mercedes,AR,-34.6515,-59.4307,84.0,50,0,3.0,clear sky
241,Afua,BR,-0.1567,-50.3867,80.19,83,99,6.87,overcast clouds
242,Torres,BR,-29.3353,-49.7269,72.37,79,95,9.82,overcast clouds
243,Tiksi,RU,71.6872,128.8694,-19.17,99,38,3.94,scattered clouds
244,Soe,ID,-9.8607,124.284,63.59,91,91,4.43,overcast clouds
245,Cravo Norte,CO,6.3017,-70.2041,76.64,81,100,3.58,moderate rain
246,Chifeng,CN,42.2683,118.9636,40.64,40,10,0.76,clear sky
247,Jumla,NP,29.2747,82.1838,45.0,50,60,2.89,broken clouds
248,Robertsport,LR,6.7533,-11.3686,80.33,86,15,11.81,few clouds
249,Vardo,NO,70.3705,31.1107,35.6,93,75,17.27,broken clouds
250,Tamworth,GB,52.634,-1.6959,37.0,60,10,7.0,clear sky
251,Piopio,NZ,-38.4667,175.0167,66.99,98,100,3.91,overcast clouds
252,Maraa,BR,-1.8333,-65.3667,77.22,95,99,2.64,overcast clouds
253,Polunochnoye,RU,60.8697,60.4153,24.46,89,7,6.35,clear sky
254,Rudnaya Pristan,RU,44.3614,135.8116,35.37,64,68,2.91,broken clouds
255,Northam,GB,51.0333,-4.2167,39.99,64,4,13.0,clear sky
256,Kysyl-Syr,RU,63.8986,122.7617,-18.72,100,99,1.57,overcast clouds
257,Tacoronte,ES,28.4769,-16.4102,64.0,58,100,2.13,overcast clouds
258,Mnogovershinnyy,RU,53.9353,139.9242,18.39,76,99,4.43,overcast clouds
259,Diu,IN,20.7141,70.9822,76.55,69,0,12.55,clear sky
260,Bosaso,SO,11.2842,49.1816,79.41,53,13,3.78,few clouds
261,Bagdarin,RU,54.4333,113.6,10.44,81,29,2.86,scattered clouds
262,Kloulklubed,PW,7.0419,134.2556,75.2,94,75,5.57,broken clouds
263,Sencha,UA,50.2548,33.346,39.49,70,19,8.05,few clouds
264,Le Port,RE,-20.9373,55.2919,77.0,83,75,17.27,broken clouds
265,Sao Filipe,CV,14.8961,-24.4956,76.62,60,6,9.69,clear sky
266,Berberati,CF,4.2612,15.7922,75.42,66,82,3.71,broken clouds
267,Bentiu,SS,9.2333,29.8333,87.48,14,45,4.99,scattered clouds
268,Nokaneng,BW,-19.6667,22.2667,76.51,37,62,4.34,broken clouds
269,Zaysan,KZ,47.4667,84.8667,42.33,80,100,3.47,moderate rain
270,Arman,RU,59.7,150.1667,16.54,89,100,6.2,overcast clouds
271,Weligama,LK,5.9667,80.4167,76.51,89,68,4.05,broken clouds
272,Visby,SE,57.6409,18.296,35.6,75,20,19.57,light snow
273,Lodeynoye Pole,RU,60.726,33.5531,40.37,75,100,14.9,moderate rain
274,Konevo,RU,62.1215,39.3192,37.51,90,100,11.7,overcast clouds
275,Joshimath,IN,30.5667,79.5667,52.59,78,97,2.15,overcast clouds
276,Shubarshi,KZ,48.5872,57.1869,41.25,87,94,12.55,overcast clouds
277,Ribeira Grande,PT,38.5167,-28.7,60.8,82,75,14.97,broken clouds
278,Kijang,KR,35.2442,129.2139,42.8,75,0,3.44,clear sky
279,Illapel,CL,-31.6308,-71.1653,71.89,58,89,6.76,overcast clouds
280,Dubovka,RU,49.0583,44.829,39.2,93,90,17.9,fog
281,Skibbereen,IE,51.55,-9.2667,37.4,60,20,5.75,few clouds
282,Hurghada,EG,27.2574,33.8129,73.4,23,0,2.3,clear sky
283,Kamenka,RU,51.3223,42.7678,36.0,88,99,5.57,overcast clouds
284,Stromness,GB,58.965,-3.296,33.8,75,75,29.93,light snow
285,Umtata,ZA,-31.5889,28.7844,62.6,82,100,4.61,light rain
286,General Roca,AR,-39.0333,-67.5833,78.8,61,0,3.44,clear sky
287,Podgornoye,RU,51.735,39.1496,33.8,80,0,4.47,snow
288,Halifax,CA,44.6453,-63.5724,46.0,81,87,18.41,overcast clouds
289,Sao Jose Da Coroa Grande,BR,-8.8978,-35.1478,78.98,71,75,8.19,broken clouds
290,Kpandae,GH,8.4689,-0.0113,87.87,48,99,9.98,overcast clouds
291,Panguna,PG,-6.3164,155.4848,72.18,88,32,0.4,scattered clouds
292,Goderich,CA,43.7501,-81.7165,48.2,76,100,10.36,overcast clouds
293,Port Lincoln,AU,-34.7333,135.8667,61.25,82,5,9.84,clear sky
294,Gurupa,BR,-1.405,-51.64,76.96,95,95,3.87,moderate rain
295,Hinckley,GB,52.5389,-1.3761,37.99,63,36,12.37,scattered clouds
296,Kaeo,NZ,-35.1,173.7833,64.99,89,100,3.0,overcast clouds
297,Shahr-E Kord,IR,32.3256,50.8644,37.4,41,0,4.61,clear sky
298,Puerto Carreno,CO,6.189,-67.4859,84.04,66,100,7.78,moderate rain
299,Baykit,RU,61.67,96.37,27.46,99,100,2.51,overcast clouds
300,Cerrito,CO,6.8432,-72.694,80.6,69,75,8.05,broken clouds
301,Port Augusta,AU,-32.5,137.7667,60.8,88,0,8.05,clear sky
302,Oytal,KZ,42.9057,73.2697,40.01,74,20,5.21,few clouds
303,Kansanshi,ZM,-12.0951,26.4273,60.39,95,81,2.68,broken clouds
304,Hue,VN,16.4667,107.6,73.4,94,20,2.3,few clouds
305,Bousso,TD,10.4795,16.7117,91.49,12,94,1.57,overcast clouds
306,Kortkeros,RU,61.8106,51.5806,33.8,64,0,6.71,clear sky
307,Menongue,AO,-14.6585,17.691,69.22,53,65,1.97,broken clouds
308,Harper,LR,4.375,-7.7169,80.26,87,100,4.99,overcast clouds
309,Karratha,AU,-20.7377,116.8463,81.21,47,4,5.66,clear sky
310,Hobyo,SO,5.3505,48.5268,82.24,69,7,12.8,clear sky
311,Calvinia,ZA,-31.4707,19.776,64.81,67,0,5.14,clear sky
312,Ko Samui,TH,9.5357,99.9357,83.73,72,100,12.95,light rain
313,Santa Cruz,BO,-17.8,-63.1667,84.2,69,75,12.66,light rain
314,Vila,PT,42.0304,-8.1588,60.01,59,1,1.01,clear sky
315,Talnakh,RU,69.4865,88.3972,23.31,95,100,8.88,snow
316,Tuatapere,NZ,-46.1333,167.6833,51.01,81,76,3.0,broken clouds
317,Yuzhno-Kurilsk,RU,44.0306,145.8556,31.3,66,3,2.33,clear sky
318,Belozerskoye,RU,55.8214,65.5842,32.45,84,92,18.39,overcast clouds
319,Mastic Beach,US,40.7668,-72.8521,66.2,18,1,20.71,clear sky
320,Shingu,JP,33.7333,135.9833,51.94,88,100,7.0,overcast clouds
321,Porangatu,BR,-13.4408,-49.1486,80.65,76,69,0.49,broken clouds
322,Geraldton,AU,-28.7667,114.6,59.0,94,95,5.75,overcast clouds
323,Zhigansk,RU,66.7697,123.3711,-28.26,100,56,1.25,broken clouds
324,Kribi,CM,2.95,9.9167,81.39,81,100,6.76,overcast clouds
325,Baoning,CN,25.3378,110.026,57.2,94,90,0.94,mist
326,Tiznit,MA,29.5833,-9.5,57.42,81,64,3.44,broken clouds
327,Samarai,PG,-10.6167,150.6667,81.55,79,99,3.47,overcast clouds
328,Chingola,ZM,-12.529,27.8838,64.04,92,99,4.29,overcast clouds
329,Ust-Koksa,RU,50.2696,85.6108,30.13,75,3,0.81,clear sky
330,Marovoay,MG,-16.1,46.6333,82.4,83,20,5.75,few clouds
331,Bandarbeyla,SO,9.4942,50.8122,78.26,68,24,9.46,few clouds
332,Tolaga Bay,NZ,-38.3667,178.3,67.95,62,100,3.74,overcast clouds
333,Mackay,AU,-21.15,149.2,73.4,94,90,4.61,overcast clouds
334,Vitoria,BR,-20.3194,-40.3378,80.01,73,20,10.36,few clouds
335,Vigrestad,NO,58.5667,5.7,33.01,84,74,10.0,light snow
336,Amapa,BR,1.0,-52.0,75.34,97,100,3.76,moderate rain
337,Balaguer,ES,41.7912,0.8109,57.99,51,0,5.75,clear sky
338,Lodwar,KE,3.1191,35.5973,87.04,48,93,17.92,overcast clouds
339,Sur,OM,22.5667,59.5289,81.25,53,3,5.59,clear sky
340,Sokoni,TZ,-6.4333,39.55,78.8,89,20,5.75,few clouds
341,Bauchi,NG,10.5,10.0,81.41,16,38,3.49,scattered clouds
342,Port Macquarie,AU,-31.4333,152.9167,66.99,99,100,3.0,overcast clouds
343,Howard Springs,AU,-12.497,131.047,78.8,89,75,2.3,broken clouds
344,Mecca,SA,21.4267,39.8261,79.11,53,0,2.08,clear sky
345,Merauke,ID,-8.4667,140.3333,77.85,86,93,4.03,overcast clouds
346,Purpe,RU,64.4803,76.6897,26.51,95,98,7.02,overcast clouds
347,Barentu,ER,15.1139,37.5928,80.37,34,49,3.8,scattered clouds
348,Gornoye Loo,RU,43.7129,39.6049,48.2,81,90,2.24,overcast clouds
349,Ramhormoz,IR,31.28,49.6035,68.25,21,0,7.9,clear sky
350,Port Alfred,ZA,-33.5906,26.891,63.59,79,100,10.27,overcast clouds
351,Ayr,GB,55.4627,-4.6339,35.6,69,20,17.27,few clouds
352,Lumut,MY,4.2323,100.6298,78.8,89,40,3.44,scattered clouds
353,Garchitorena,PH,13.8804,123.6946,77.41,85,73,10.16,broken clouds
354,Kangaatsiaq,GL,68.3065,-53.4641,19.85,78,100,5.86,overcast clouds
355,Machiques,VE,10.0644,-72.545,87.84,57,99,13.42,overcast clouds
356,Maragogi,BR,-9.0122,-35.2225,78.66,70,88,7.96,overcast clouds
357,Verkhoshizhemye,RU,58.011,49.1038,30.6,96,100,8.57,overcast clouds
358,Yulara,AU,-25.2406,130.9889,62.6,51,0,8.05,clear sky
359,Jalu,LY,29.0331,21.5482,76.26,5,52,12.8,broken clouds
360,Havre-Saint-Pierre,CA,50.2334,-63.5986,42.8,100,90,11.5,mist
361,Gouyave,GD,12.1646,-61.7296,84.2,70,20,18.41,few clouds
362,Pantai Remis,MY,4.4557,100.6288,78.8,89,40,3.44,scattered clouds
363,Catamarca,AR,-28.4696,-65.7852,87.01,63,7,5.99,clear sky
364,Albanel,CA,48.8832,-72.4487,48.2,37,84,13.8,broken clouds
365,Mangochi,MW,-14.4782,35.2645,68.5,80,51,4.83,broken clouds
366,Melun,FR,48.5,2.75,37.4,64,0,8.05,clear sky
367,Wittingen,DE,52.7269,10.7361,32.0,86,20,10.36,few clouds
368,Port Blair,IN,11.6667,92.75,80.22,77,34,4.47,scattered clouds
369,Cururupu,BR,-1.8283,-44.8683,78.98,86,100,5.23,overcast clouds
370,Hithadhoo,MV,-0.6,73.0833,83.64,71,100,15.97,overcast clouds
371,Luderitz,NA,-26.6481,15.1594,67.14,72,0,16.98,clear sky
372,General Pico,AR,-35.6566,-63.7568,82.06,46,64,8.79,broken clouds
373,Hasaki,JP,35.7333,140.8333,46.4,71,75,13.8,broken clouds
374,Kwinana,AU,-32.25,115.7667,62.01,100,2,3.27,clear sky
375,Lumphat,KH,13.4878,106.9816,76.6,65,99,7.52,overcast clouds
376,Longhua,CN,23.6137,114.1919,73.02,75,95,1.05,overcast clouds
377,Lagunas,PE,-5.2269,-75.6753,77.47,94,92,3.11,moderate rain
378,Tanta,EG,30.7885,31.0019,55.89,72,28,7.65,scattered clouds
379,Jinchang,CN,38.4953,102.1739,43.41,62,63,2.19,broken clouds
380,Seoul,KR,37.5683,126.9778,46.4,81,0,1.14,clear sky
381,Mahebourg,MU,-20.4081,57.7,78.8,78,40,9.22,scattered clouds
382,Busselton,AU,-33.65,115.3333,57.0,97,47,4.65,scattered clouds
383,Nichinan,JP,31.6,131.3667,52.86,75,41,12.01,scattered clouds
384,Mount Isa,AU,-20.7333,139.5,69.8,68,25,5.75,scattered clouds
385,Pontefract,GB,53.6911,-1.3127,39.99,43,99,4.0,overcast clouds
386,Kavieng,PG,-2.5744,150.7967,82.0,76,98,6.67,overcast clouds
387,Sindou,BF,10.6667,-5.1667,92.41,22,63,2.24,broken clouds
388,Inhambane,MZ,-23.865,35.3833,69.24,73,0,7.25,clear sky
389,Concordia,AR,-31.393,-58.0209,75.2,88,90,6.91,overcast clouds
390,Ponta Do Sol,PT,32.6667,-17.1,60.01,65,100,1.01,overcast clouds
391,Mar Del Plata,AR,-38.0023,-57.5575,75.99,83,20,10.36,few clouds
392,Atyashevo,RU,54.5644,46.0691,33.57,88,96,6.96,overcast clouds
393,Coruripe,BR,-10.1256,-36.1756,78.82,73,4,8.75,clear sky
394,Sisimiut,GL,66.9395,-53.6735,19.72,91,100,3.13,light snow
395,Tigre,AR,-34.426,-58.5796,80.6,65,0,6.91,clear sky
396,Zemio,CF,5.0314,25.1361,78.22,31,65,3.58,broken clouds
397,Jiazi,CN,22.8779,116.067,66.16,86,85,10.83,overcast clouds
398,Trelew,AR,-43.249,-65.3051,60.84,75,100,21.45,overcast clouds
399,Nemuro,JP,43.3236,145.575,32.41,64,0,7.49,clear sky
400,Karasburg,NA,-28.0167,18.75,73.62,37,1,11.68,clear sky
401,Kasempa,ZM,-13.4584,25.8338,61.77,74,31,4.14,scattered clouds
402,Talakan,RU,50.3167,130.3667,30.51,93,94,7.52,overcast clouds
403,Hamilton,US,39.1834,-84.5333,75.99,31,1,8.05,clear sky
404,Dno,RU,57.8277,29.9637,41.5,86,100,15.39,light rain
405,Sombrio,BR,-29.1139,-49.6167,72.34,78,99,7.87,overcast clouds
406,Saint-Vallier,FR,46.6411,4.3711,39.0,81,100,13.0,overcast clouds
407,Banswara,IN,23.55,74.45,82.87,25,0,7.52,clear sky
408,Santa Rosa,PH,14.3122,121.1114,82.0,83,20,3.44,few clouds
409,Port Elizabeth,ZA,-33.918,25.5701,60.8,94,90,4.61,light rain
410,Kamaishi,JP,39.2667,141.8833,37.65,73,42,8.5,scattered clouds
411,Maceio,BR,-9.6658,-35.7353,80.6,74,20,9.22,few clouds
412,Wajima,JP,37.4,136.9,46.65,69,100,12.88,overcast clouds
413,Shihezi,CN,44.3,86.0333,49.44,41,47,6.51,scattered clouds
414,Ambon,ID,-3.6954,128.1814,77.0,88,40,6.91,scattered clouds
415,Mabay,PH,6.0577,124.4666,77.34,85,89,2.98,light rain
416,Ocho Rios,JM,18.4025,-77.1048,79.0,82,85,11.01,overcast clouds
417,Tapiramuta,BR,-11.8472,-40.7914,77.83,48,58,8.3,broken clouds
418,Sembe,CG,1.6481,14.5806,71.6,96,92,3.33,overcast clouds
419,Gaborone,BW,-24.6545,25.9086,66.2,63,0,3.44,clear sky
420,Te Anau,NZ,-45.4167,167.7167,51.96,77,87,5.93,overcast clouds
421,Teguldet,RU,57.3064,88.1667,29.98,94,100,5.06,overcast clouds
422,Broken Hill,AU,-31.95,141.4333,57.2,51,0,6.91,clear sky
423,Bluff,NZ,-46.6,168.3333,51.01,81,83,3.0,broken clouds
424,Nogliki,RU,51.8333,143.1667,26.87,85,88,17.63,overcast clouds
425,Saint-Philippe,RE,-21.3585,55.7679,77.0,73,0,5.75,clear sky
426,Blanquefort,FR,44.9125,-0.6366,50.0,66,40,6.91,scattered clouds
427,Tura,IN,25.5198,90.2201,72.09,17,0,3.65,clear sky
428,Ponta Delgada,PT,37.7333,-25.6667,60.8,82,20,10.36,few clouds
429,Sao Joao Da Barra,BR,-21.6403,-41.0511,78.8,65,75,11.5,broken clouds
430,Soyo,AO,-6.1349,12.3689,80.98,85,100,4.54,moderate rain
431,Manutuke,NZ,-38.6833,177.9167,63.0,78,90,4.0,overcast clouds
432,Dumai,ID,1.6833,101.45,74.97,97,100,1.03,overcast clouds
433,Mandalgovi,MN,45.7625,106.2708,34.68,47,0,7.58,clear sky
434,Fort-Shevchenko,KZ,44.5086,50.263,50.83,69,35,27.11,scattered clouds
435,Bengkulu,ID,-3.8004,102.2655,74.37,91,100,4.63,overcast clouds
436,Fomboni,KM,-12.28,43.7425,82.85,76,100,11.45,moderate rain
437,Zyryanka,RU,65.75,150.85,-4.45,94,100,12.12,overcast clouds
438,Sept-Iles,CA,50.2001,-66.3821,44.6,100,90,10.36,mist
439,Bonfim,BR,3.0833,-59.95,84.92,61,98,1.34,overcast clouds
440,Liverpool,GB,53.4106,-2.9779,42.8,49,0,13.8,clear sky
441,Auki,SB,-8.7676,160.7034,80.46,82,53,4.5,moderate rain
442,Koumac,NC,-20.5667,164.2833,76.26,69,100,3.29,overcast clouds
443,Punta Arenas,CL,-53.15,-70.9167,48.2,49,0,10.36,clear sky
444,Xiaoyi,CN,34.6178,109.703,47.62,64,32,3.51,scattered clouds
445,Ust-Kan,RU,50.9276,84.761,32.9,61,11,5.88,few clouds
446,Alekseyevka,RU,50.6309,38.6903,43.52,66,100,3.87,overcast clouds
447,Hovd,MN,48.0056,91.6419,33.6,27,9,0.74,clear sky
448,Rawson,AR,-43.3002,-65.1023,60.44,78,100,21.25,overcast clouds
449,Grand Gaube,MU,-20.0064,57.6608,80.01,75,46,3.0,scattered clouds
450,Leh,IN,34.1667,77.5833,33.24,64,100,4.09,overcast clouds
451,Snezhnogorsk,RU,69.1933,33.2531,37.4,81,40,11.18,scattered clouds
452,Muzaffarabad,PK,34.37,73.4711,58.28,84,67,7.0,broken clouds
453,Ilebo,CD,-4.3167,20.5833,71.55,98,100,1.48,light rain
454,Soma,TR,39.1855,27.6094,54.0,100,75,2.59,light rain
455,Chokurdakh,RU,70.6333,147.9167,-30.42,99,72,0.18,broken clouds
456,Saint Anthony,US,45.0205,-93.218,84.2,30,1,23.02,clear sky
457,Ichhawar,IN,23.0167,77.0167,83.57,15,0,7.78,clear sky
458,Takoradi,GH,4.8845,-1.7554,80.38,84,45,5.41,scattered clouds
459,Krasnoselkup,RU,65.7,82.4667,25.75,92,100,8.14,overcast clouds
460,Colares,PT,38.7992,-9.4469,61.0,77,20,8.05,few clouds
461,Saskylakh,RU,71.9167,114.0833,-13.76,96,69,8.93,broken clouds
462,Karoi,ZW,-16.8099,29.6925,61.65,82,1,4.0,clear sky
463,Oranjestad,AW,12.524,-70.027,86.0,62,20,25.32,few clouds
464,Namibe,AO,-15.1961,12.1522,77.41,76,9,2.75,clear sky
465,Carnarvon,AU,-24.8667,113.6333,73.4,83,91,12.66,overcast clouds
466,Molina,CL,-35.1167,-71.2833,73.99,46,0,6.91,clear sky
467,Westport,US,41.1415,-73.3579,66.2,16,1,20.71,clear sky
468,Ihosy,MG,-22.4,46.1167,62.82,82,28,3.98,scattered clouds
469,Neuquen,AR,-38.9516,-68.0591,78.8,61,0,3.44,clear sky
470,Marsabit,KE,2.3284,37.9899,67.71,77,99,8.16,overcast clouds
471,Ust-Kut,RU,56.7938,105.7672,18.1,97,95,3.18,overcast clouds
472,Cheremukhovo,RU,60.3484,59.9851,25.09,89,9,6.2,clear sky
473,Russkiy Aktash,RU,55.0384,52.1214,33.8,75,0,6.71,clear sky
474,Miri,MY,4.4148,114.0089,75.2,94,40,4.61,scattered clouds
475,Tual,ID,-5.6667,132.75,82.4,75,100,0.98,overcast clouds
476,Mlonggo,ID,-6.5333,110.7,78.76,85,100,8.34,overcast clouds
477,Coihaique,CL,-45.5752,-72.0662,66.2,45,90,4.61,overcast clouds
478,Kiama,AU,-34.6833,150.8667,64.99,94,63,1.01,broken clouds
479,Tondano,ID,1.3038,124.9112,75.2,94,40,1.14,scattered clouds
480,Carbonia,IT,39.1672,8.5222,53.6,87,0,5.75,clear sky
481,Eyl,SO,7.9803,49.8164,78.66,68,24,11.77,few clouds
482,Calabozo,VE,8.9242,-67.4293,89.38,45,100,4.54,overcast clouds
483,Baripada,IN,21.935,86.7214,78.69,58,0,7.16,clear sky
484,Dhidhdhoo,MV,6.8833,73.1,82.85,73,30,11.34,scattered clouds
485,Onega,RU,63.9061,38.1404,37.99,77,100,13.82,overcast clouds
486,Meulaboh,ID,4.1363,96.1285,77.5,87,93,3.33,overcast clouds
487,Hoa Binh,VN,20.8133,105.3383,69.8,100,75,6.91,mist
488,Rio Grande,BR,-32.035,-52.0986,78.8,65,20,19.57,few clouds
489,Chake Chake,TZ,-5.2459,39.7666,80.04,80,99,7.96,overcast clouds
490,Nikolskoye,RU,59.7035,30.7861,44.01,87,90,4.47,light rain
491,Sorong,ID,-0.8833,131.25,81.16,76,79,3.58,broken clouds
492,Vanimo,PG,-2.6741,141.3028,77.94,85,100,3.85,overcast clouds
493,Panukulan,PH,14.9333,121.8144,79.21,79,35,18.07,scattered clouds
494,Dniprorudne,UA,47.3817,34.9765,37.4,93,36,6.71,mist
495,Tornio,FI,65.8481,24.1466,32.0,93,40,13.8,scattered clouds
496,Codajas,BR,-3.8367,-62.0569,81.14,89,97,2.24,light rain
497,Srednekolymsk,RU,67.45,153.6833,-10.89,94,41,7.49,scattered clouds
498,Port-Cartier,CA,50.0334,-66.8654,44.6,100,90,10.36,mist
499,Wenzhou,CN,27.9994,120.6668,59.0,79,71,1.63,broken clouds
500,Hambantota,LK,6.1241,81.1185,77.52,86,65,6.4,broken clouds
501,Kalabo,ZM,-14.97,22.6814,67.35,55,36,4.14,scattered clouds
502,Dalvik,IS,65.9702,-18.5286,21.2,58,40,4.61,scattered clouds
503,Lodja,CD,-3.4833,23.4333,70.48,96,81,2.53,broken clouds
504,Mana,GF,5.6592,-53.7767,78.04,90,100,11.56,overcast clouds
505,Emerald,AU,-23.5333,148.1667,71.6,88,90,8.05,overcast clouds
506,Tarko-Sale,RU,64.9225,77.785,27.12,94,99,7.99,overcast clouds
507,Skala,PL,50.2305,19.8536,36.0,93,75,10.36,snow
508,Hat Yai,TH,7.0084,100.4767,78.8,100,20,1.21,few clouds
509,Canico,PT,32.6333,-16.85,62.6,67,40,2.3,scattered clouds
510,Turukhansk,RU,65.8167,87.9833,30.51,89,81,12.82,broken clouds
511,Kristiinankaupunki,FI,62.2743,21.376,34.16,77,99,13.11,light snow
512,Werder,DE,52.3787,12.934,34.0,100,100,13.69,overcast clouds
513,Cukai,MY,4.25,103.4167,77.0,100,100,1.14,overcast clouds
514,Vagur,FO,61.4732,-6.8119,29.93,66,100,33.51,light snow
515,Iranshahr,IR,27.2025,60.6848,80.6,14,0,6.91,clear sky
516,Togur,RU,58.3631,82.8265,32.2,91,100,9.91,overcast clouds
517,Thaton,MM,16.9206,97.3714,73.2,83,70,5.28,broken clouds
518,Petropavlovsk-Kamchatskiy,RU,53.0452,158.6483,23.0,80,74,6.71,broken clouds
519,Praia Da Vitoria,PT,38.7333,-27.0667,59.0,88,40,10.47,scattered clouds
520,Kieta,PG,-6.2167,155.6333,80.62,79,32,2.59,scattered clouds
521,Quatre Cocos,MU,-20.2078,57.7625,80.01,78,40,9.22,scattered clouds
522,Longyearbyen,SJ,78.2186,15.6401,15.8,67,40,13.8,scattered clouds
523,Myaundzha,RU,63.0494,147.1858,4.32,94,100,2.8,overcast clouds
524,Aksu,CN,41.1231,80.2644,50.4,35,100,5.57,overcast clouds
525,Ust-Maya,RU,60.4167,134.5333,-17.1,99,74,0.96,broken clouds
526,Vila Velha,BR,-20.3297,-40.2925,80.01,73,20,10.36,few clouds
527,Joao Pinheiro,BR,-17.7425,-46.1725,71.64,77,25,5.12,scattered clouds
528,Birjand,IR,32.8663,59.2211,50.0,14,0,6.91,clear sky
529,Albany,US,42.6001,-73.9662,62.01,17,3,3.0,clear sky
530,Gazimurskiy Zavod,RU,51.5461,118.3266,17.46,55,2,6.33,clear sky
531,Maningrida,AU,-12.0667,134.2667,72.45,74,35,4.23,scattered clouds
532,Yuty,PY,-26.6,-56.25,67.39,98,100,3.71,overcast clouds
533,Riyadh,SA,24.6877,46.7219,73.4,15,0,5.75,clear sky
534,Bonavista,CA,48.6499,-53.1147,37.4,100,100,3.44,overcast clouds
535,Klaipeda,LT,55.7172,21.1175,33.8,75,46,8.05,scattered clouds
536,Pevek,RU,69.7008,170.3133,-15.16,99,100,4.61,overcast clouds
537,Sayyan,YE,15.1718,44.3244,57.97,21,0,11.59,clear sky
538,Santa Cruz Cabralia,BR,-16.2781,-39.0247,78.8,73,40,5.75,scattered clouds
539,Chhagalnaiya,BD,23.03,91.5069,68.34,82,0,7.0,clear sky
540,Cabatuan,PH,10.8794,122.486,74.8,86,100,8.37,overcast clouds
541,Comodoro Rivadavia,AR,-45.8667,-67.5,57.2,67,40,14.97,scattered clouds
542,Digha,IN,21.6833,87.55,78.26,79,0,10.67,clear sky
543,Pemangkat,ID,1.1667,108.9667,76.95,87,100,5.73,overcast clouds
544,Ambilobe,MG,-13.2,49.05,74.34,94,100,2.15,light rain
545,Malatya,TR,38.5,38.0,41.0,87,75,4.61,broken clouds
546,Santiago Del Estero,AR,-27.7951,-64.2615,85.96,48,93,8.66,overcast clouds
547,Erdemli,TR,36.605,34.3084,61.48,78,100,3.8,overcast clouds
548,Los Llanos De Aridane,ES,28.6585,-17.9182,64.4,63,0,4.61,clear sky
549,Ondjiva,AO,-17.0667,15.7333,73.4,46,60,3.89,broken clouds
550,Vadlapudi,IN,14.3167,79.8,76.89,91,92,4.81,overcast clouds
551,Lusaka,ZM,-15.4067,28.2871,61.59,79,0,4.09,clear sky
552,Roebourne,AU,-20.7833,117.1333,80.87,43,2,6.08,clear sky
553,Ballina,AU,-28.8667,153.5667,68.0,94,90,13.8,overcast clouds
554,Svetlaya,RU,46.5389,138.3297,34.52,78,99,15.48,overcast clouds
555,Maarianhamina,AX,60.0973,19.9348,33.8,93,75,6.91,light snow
556,Ola,RU,59.5833,151.2833,17.67,90,100,4.99,overcast clouds
557,Marzuq,YE,14.4,46.4667,69.71,35,9,0.38,clear sky
558,San Alberto,CO,7.7611,-73.3922,84.38,76,100,1.1,overcast clouds
559,Inta,RU,66.0317,60.1659,10.87,96,24,3.38,few clouds
560,Fiumicino,IT,41.7675,12.2291,50.0,81,0,2.3,clear sky
561,Libertador General San Martin,AR,-23.8064,-64.7876,79.0,79,100,1.01,overcast clouds
562,Mogadishu,SO,2.0371,45.3438,81.66,75,19,11.01,few clouds
563,Bambanglipuro,ID,-7.95,110.2833,76.68,87,100,4.03,heavy intensity rain
564,Ngunguru,NZ,-35.6167,174.5,64.99,89,100,3.0,overcast clouds
565,Klaksvik,FO,62.2266,-6.589,28.4,64,40,39.12,light rain
566,Berlevag,NO,70.8578,29.0864,33.8,93,90,18.41,light rain and snow
567,Nelidovo,RU,56.2211,32.7774,37.72,65,15,12.62,few clouds
568,Linhares,BR,-19.3911,-40.0722,73.06,80,98,4.97,overcast clouds
569,Beloha,MG,-25.1667,45.05,68.16,87,0,4.74,light rain
570,Majene,ID,-3.5403,118.9707,78.85,80,100,7.67,overcast clouds
571,Pundaguitan,PH,6.3711,126.1689,80.87,76,83,4.81,broken clouds
572,Bubaque,GW,11.2833,-15.8333,76.17,80,1,23.2,clear sky
573,Askiz,RU,53.1319,90.5264,36.05,83,28,4.38,scattered clouds
574,Tevriz,RU,57.509,72.4042,33.42,94,100,11.16,overcast clouds
575,San Ramon,US,37.7799,-121.978,62.01,55,20,11.5,few clouds
576,Aguimes,ES,27.9054,-15.4461,66.2,63,75,11.5,broken clouds
577,Syracuse,IT,37.0881,15.2792,57.2,82,20,3.44,few clouds
578,Buala,SB,-8.145,159.5921,81.75,80,84,4.25,light rain
579,Uvira,CD,-3.4067,29.1458,71.74,88,100,5.41,light rain
580,Amuntai,ID,-2.4177,115.2494,72.55,98,100,2.26,moderate rain
581,Vetlanda,SE,57.4289,15.0776,34.0,74,51,9.22,broken clouds
582,Carballo,ES,43.213,-8.691,52.0,76,0,3.44,clear sky
583,Moron,AR,-34.6534,-58.6198,84.2,51,0,8.05,clear sky
584,Det Udom,TH,14.906,105.0784,86.0,78,90,5.75,overcast clouds
585,Aden,YE,12.7794,45.0367,80.6,62,8,12.95,clear sky
586,Vylok,UA,48.1092,22.8387,41.0,70,75,8.05,broken clouds
587,Constantine,DZ,36.365,6.6147,46.4,87,40,8.05,scattered clouds
588,Indiaroba,BR,-11.5192,-37.5117,75.45,88,27,4.74,scattered clouds
589,Beroroha,MG,-21.6667,45.1667,68.34,78,2,3.15,clear sky
590,Zabol,AF,32.25,67.25,52.59,24,32,10.27,scattered clouds
591,Ushuaia,AR,-54.8,-68.3,46.4,57,20,4.61,few clouds
592,Upernavik,GL,72.7868,-56.1549,4.69,77,100,3.58,overcast clouds
593,Lithgow,AU,-33.4833,150.15,57.0,43,42,4.25,scattered clouds
594,Novo Aripuana,BR,-5.1206,-60.3797,77.86,92,100,2.42,overcast clouds
595,Teguise,ES,29.0605,-13.564,66.2,63,20,6.91,few clouds
596,Kudahuvadhoo,MV,2.6708,72.8944,83.66,70,15,12.97,few clouds
597,Finschhafen,PG,-6.6024,147.8681,79.65,82,100,7.47,light rain
598,Tarsus,TR,36.9188,34.8784,57.2,88,0,4.88,clear sky
599,Leningradskiy,RU,69.3833,178.4167,-1.32,92,98,2.26,overcast clouds
600,Butaritari,KI,3.0707,172.7902,81.12,80,100,12.77,moderate rain
601,Siguiri,GN,11.6667,-9.5,90.19,17,4,3.47,clear sky
602,Nchelenge,ZM,-9.3451,28.734,69.19,89,90,5.93,light rain
603,Codrington,AU,-38.2667,141.9667,58.53,73,100,5.82,overcast clouds
604,Touros,BR,-5.1989,-35.4608,82.4,69,20,8.05,few clouds
605,Vanavara,RU,60.34,102.2797,29.16,98,100,2.08,overcast clouds
606,New Norfolk,AU,-42.7826,147.0587,48.99,78,5,2.59,clear sky
607,Redditch,GB,52.3065,-1.9457,37.0,66,4,10.69,clear sky
608,Turkmenabat,TM,39.0733,63.5786,50.0,62,0,4.61,clear sky
609,Nago,JP,26.5881,127.9761,64.4,68,90,11.5,overcast clouds
610,Verkhoyansk,RU,67.5447,133.385,-10.28,99,99,1.39,overcast clouds
611,Roald,NO,62.5833,6.1333,35.6,80,75,24.16,broken clouds
612,Adrar,MR,20.5022,-10.0711,80.91,12,3,12.01,clear sky
613,Gravdal,NO,68.1214,13.5031,37.4,75,90,17.27,overcast clouds
614,Saldanha,ZA,-33.0117,17.9442,59.0,82,11,4.61,few clouds
615,Bathsheba,BB,13.2167,-59.5167,84.2,58,20,14.97,few clouds
616,Balclutha,NZ,-46.2339,169.75,51.01,70,25,3.0,scattered clouds
617,Vakhrushev,RU,48.9833,142.9667,28.6,81,100,1.61,overcast clouds
618,Parabel,RU,58.6978,81.4825,34.74,90,100,12.84,overcast clouds
619,Tommot,RU,58.9564,126.2925,-3.32,99,100,1.88,overcast clouds
620,Yako,BF,12.9667,-2.2667,87.87,7,6,6.98,clear sky
621,Coquimbo,CL,-29.9533,-71.3436,69.8,52,0,11.5,clear sky
622,Namie,JP,37.4833,141.0,43.0,78,100,11.92,overcast clouds
623,San Ignacio,BZ,17.1561,-89.0714,84.2,54,75,6.91,broken clouds
624,East London,ZA,-33.0153,27.9116,64.67,87,100,11.3,light rain
625,Cayenne,GF,4.9333,-52.3333,80.01,94,90,4.61,light rain
626,Kuruman,ZA,-27.4524,23.4325,70.83,28,4,10.13,clear sky
627,Santa Luzia,BR,-19.7697,-43.8514,78.8,61,40,5.75,scattered clouds
628,Victoria,HK,22.2855,114.1577,73.0,84,100,9.6,overcast clouds
629,Guantanamo,CU,20.1444,-75.2092,86.0,58,75,25.32,broken clouds
630,Pyaozerskiy,RU,65.8333,31.1667,32.81,75,92,18.1,overcast clouds
631,Tromso,NO,69.6496,18.957,35.6,87,75,11.5,light snow
632,Bairiki,KI,1.3292,172.9752,77.0,94,90,18.41,moderate rain
633,Ouanaminthe,HT,19.55,-71.7333,72.7,83,100,8.19,overcast clouds
634,Saint George,US,37.1041,-113.5841,84.99,9,1,14.0,clear sky
635,Bayir,TR,37.2687,28.2167,64.4,59,75,16.11,broken clouds
636,Port Hope,US,43.9408,-82.7127,54.0,66,86,18.41,overcast clouds
637,Isangel,VU,-19.55,169.2667,78.17,62,48,13.49,scattered clouds
638,Iracoubo,GF,5.4802,-53.2011,78.17,89,100,13.27,overcast clouds
639,Gwadar,PK,25.1216,62.3254,78.93,76,22,13.4,few clouds
640,Zwedru,LR,6.0667,-8.1281,75.33,93,100,2.8,light rain
641,Nelson Bay,AU,-32.7167,152.15,63.0,100,40,4.61,scattered clouds
642,Belyy Yar,RU,53.6039,91.3903,28.4,86,98,4.47,smoke
643,Okato,NZ,-39.2,173.8833,63.0,82,58,1.99,broken clouds
644,Upington,ZA,-28.4478,21.2561,69.8,46,24,5.75,few clouds
645,Ilave,PE,-16.0833,-69.6667,49.89,62,81,4.68,broken clouds
646,Kaitangata,NZ,-46.2817,169.8464,51.01,70,26,3.0,scattered clouds
647,San Joaquin,US,37.9333,-121.3011,66.0,51,1,6.76,clear sky
648,Manicore,BR,-5.8092,-61.3003,80.82,86,85,1.1,overcast clouds
649,Araouane,ML,18.9048,-3.5265,85.91,11,23,10.58,few clouds
650,Tete,MZ,-16.1564,33.5867,71.6,83,0,4.81,clear sky
651,Bereda,ES,43.2686,-7.5406,44.01,96,11,8.01,few clouds
652,Iqaluit,CA,63.7506,-68.5145,24.8,28,90,23.02,snow
653,Bressanone,IT,46.715,11.656,53.6,40,0,3.44,clear sky
654,Rennes,FR,48.1667,-1.6667,44.6,65,90,16.11,overcast clouds
655,Nabire,ID,-3.3667,135.4833,74.52,91,96,3.98,overcast clouds
656,Chuy,UY,-33.6971,-53.4616,71.04,80,36,13.0,scattered clouds
657,Chern,RU,53.4523,36.9145,32.16,83,26,7.29,scattered clouds
658,Miracema Do Tocantins,BR,-9.5618,-48.3967,82.26,74,44,1.81,scattered clouds
659,Mount Gambier,AU,-37.8333,140.7667,57.2,77,36,8.05,scattered clouds
660,Saint-Germain-De-Grantham,CA,45.8334,-72.5658,55.0,32,100,14.29,overcast clouds
661,Belaya Gora,RU,68.5333,146.4167,-12.96,98,100,4.07,overcast clouds
662,Kovdor,RU,67.5662,30.4758,31.82,83,99,15.39,snow
663,Mishan,CN,45.55,131.8833,40.73,66,78,3.27,broken clouds
664,Kulob,TJ,37.9145,69.783,53.6,87,90,4.47,overcast clouds
665,Brae,GB,60.3964,-1.353,33.8,75,75,28.77,light snow
666,Marawi,PH,7.9986,124.2928,75.0,88,100,1.99,overcast clouds
667,Atambua,ID,-9.1061,124.8925,72.05,88,98,3.98,overcast clouds
668,Noumea,NC,-22.2763,166.4572,78.01,78,90,1.14,overcast clouds
669,Poum,NC,-20.2333,164.0167,78.35,73,97,18.39,overcast clouds
670,Bridlington,GB,54.0831,-0.1919,35.01,77,25,1.99,light snow
671,Bochnia,PL,49.9691,20.4303,36.0,88,100,11.99,light rain
672,Mosquera,CO,4.7059,-74.2302,68.0,42,75,14.97,broken clouds
673,Cap Malheureux,MU,-19.9842,57.6142,80.01,75,44,3.0,scattered clouds
674,Usinsk,RU,65.9939,57.5281,17.22,96,63,6.8,broken clouds
675,Wakefield,GB,53.6809,-1.499,39.99,53,99,5.99,overcast clouds
676,San Antero,CO,9.3741,-75.7589,84.43,69,100,10.94,overcast clouds
677,Hermanus,ZA,-34.4187,19.2345,60.01,91,100,3.0,overcast clouds
678,Nanortalik,GL,60.1432,-45.2371,36.19,88,100,5.1,overcast clouds
679,Vestmanna,FO,62.1564,-7.1664,28.4,64,40,39.12,light snow
680,Dingle,PH,10.9995,122.6711,74.39,90,100,6.31,light rain
681,Lakatoro,VU,-16.0999,167.4164,80.83,78,68,13.51,broken clouds
682,Dolores,AR,-36.3132,-57.6792,72.52,75,45,7.61,scattered clouds
683,Xining,CN,36.6167,101.7667,35.67,60,0,1.81,clear sky
684,Wagar,SD,16.1525,36.2032,83.55,39,0,10.83,clear sky
685,Fort Wellington,GY,6.4,-57.6,78.37,86,100,8.75,overcast clouds
686,Port-Gentil,GA,-0.7193,8.7815,82.4,89,100,6.91,light rain
687,Sao Gabriel Da Cachoeira,BR,-0.1303,-67.0892,73.17,98,100,4.38,overcast clouds
688,Grindavik,IS,63.8424,-22.4338,24.8,93,75,14.97,broken clouds
689,Komsomolskiy,UZ,40.4272,71.7189,48.2,66,70,6.91,broken clouds
690,Voh,NC,-20.9667,164.7,75.07,78,96,4.76,overcast clouds
691,Kalmunai,LK,7.4167,81.8167,77.94,83,47,0.34,scattered clouds
692,Manzhouli,CN,49.6,117.4333,26.92,55,4,8.7,clear sky
693,Izhmorskiy,RU,56.194,86.6414,33.93,88,92,8.93,overcast clouds
694,Vila Franca Do Campo,PT,37.7167,-25.4333,60.8,82,20,10.36,few clouds
695,Na Wa,TH,17.4897,104.1006,75.09,68,6,6.53,clear sky
696,San Vicente,AR,-26.6167,-54.1333,68.83,73,100,2.68,light rain
697,Shubarkuduk,KZ,49.1447,56.4872,39.56,81,100,12.75,overcast clouds
698,Airai,TL,-8.9266,125.4092,58.28,85,94,3.24,overcast clouds
699,Shimoda,JP,34.6667,138.95,48.99,80,64,5.01,broken clouds
700,Mosetse,BW,-20.75,26.65,70.92,46,0,10.58,clear sky
701,Jizan,SA,17.3333,42.6667,84.2,70,4,5.75,clear sky
702,Maltahohe,NA,-24.8333,16.9833,71.11,43,40,6.04,scattered clouds
703,Katsuura,JP,35.1333,140.3,48.2,71,40,17.27,scattered clouds
704,Kaseda,JP,31.4167,130.3167,57.78,75,20,6.4,few clouds
705,Mwinilunga,ZM,-11.7358,24.4293,63.77,90,76,2.73,broken clouds
706,Kamp-Lintfort,DE,51.5,6.5333,35.01,87,46,1.99,light snow
707,Nuuk,GL,64.1835,-51.7216,37.4,87,90,25.32,light rain
708,Chernyshevskiy,RU,63.0128,112.4714,-24.27,100,93,1.7,overcast clouds
709,Talcher,IN,20.95,85.2167,73.15,86,0,5.08,clear sky
710,Impfondo,CG,1.6381,18.0667,75.52,72,100,3.15,light rain
711,Santa Maria,BR,-29.6842,-53.8069,80.6,61,0,10.36,light rain
712,Biltine,TD,14.5333,20.9167,85.03,11,0,9.28,clear sky
713,Port Keats,AU,-14.25,129.55,72.79,69,9,5.46,clear sky
714,Kohima,IN,25.6667,94.1167,58.64,34,2,3.11,clear sky
715,Sredneuralsk,RU,56.9892,60.4666,32.0,86,0,11.18,clear sky
716,Likasi,CD,-10.9814,26.7333,62.22,96,60,2.68,broken clouds
717,Skelleftea,SE,64.7507,20.9528,30.2,64,34,5.75,scattered clouds
718,Alekseyevsk,RU,57.8406,108.3492,21.74,96,100,2.71,snow
719,Yevsino,RU,54.4172,83.3222,35.31,91,60,14.63,broken clouds
720,Kholmogory,RU,64.2229,41.656,37.4,70,40,6.71,scattered clouds
